{
	"BanditFaction": [[1, 28], [2, 15]],
	"DraugrFaction": [[1, 45], [16, 35]],
	"DLC2CultistFaction": [[1, 46], [18, 46]],
	"DragonPriestFaction": [[50, 60], [50, 60]],
	"BearFaction": [[12, 20], [14, 18]],
	"ChaurusFaction": [[1, 50], [16, 60]],
	"DwarvenAutomatonFaction": [[5, 38], [25, 58]],
	"FalmerFaction": [[1, 54], [20, 45]],
	"DaedraFaction": [[5, 65], [5, 65]],
	"TrollFaction": [[14, 22], [16, 20]],
	"SpiderFaction": [[1, 17], [2, 10]],
	"DLC1UndeadGuardianFaction": [[13, 43], [26, 34]],
	"HagravenFaction": [[4, 20], [8, 30]],
	"WolfFaction": [[1, 6], [1, 6]],
	"GiantFaction": [[30, 90], [30, 90]],
	"IceWraithFaction": [[1, 9], [1, 9]],
	"MammothFaction": [[1, 38], [1, 38]],
	"DragonFaction": [[10, 100], [40, 100]],
	"SabreCatFaction": [[6, 12], [9, 13]],
	"SkeeverFaction": [[1, 7], [1, 5]],
	"SkeletonFaction": [[1, 80], [18, 80]],
	"SlaughterfishFaction": [[0, 1], [0, 1]],
	"SprigganFaction": [[1, 30], [8, 21]],
	"WerewolfFaction": [[1, 42], [30, 48]],
	"WispFaction": [[1, 28], [1, 28]],
	"ForswornFaction": [[1, 51], [8, 18]],
	"WarlockFaction": [[1, 50], [12, 36]],
	"VampireFaction": [[1, 65], [28, 54]],
	"DLC1VampireFaction": [[1, 60], [22, 68]],
	"ThalmorFaction": [[4, 50], [20, 45]],
	"OrcFriendFaction": [[1, 30], [6, 28]],
	"MS08AlikrFaction": [[1, 44], [14, 22]],
	"CWImperialFaction": [[1, 10], [10, 30]],
	"CWSonsFaction": [[1, 10], [10, 30]],
	"IsGuardFaction": [[1, 50], [10, 25]]
}
